{
 "n_instruct_total": 579,
 "n_thinking_total": 578,
 "n_paired": 578,
 "n_dropped_by_thinking": 1,
 "per_variant": {
  "qwen3_vl_8b_instruct": {
   "metrics": {
    "mAcc7": 0.18998319327731095,
    "mAcc3": 0.6487889273356401,
    "Detect": 0.6487889273356401,
    "Type": 0.18998319327731095
   },
   "ci": {
    "mAcc7": [
     0.1450329410856049,
     0.23142509856147803
    ],
    "mAcc3": [
     0.5933333333333334,
     0.7013372956909361
    ],
    "Detect": [
     0.5933333333333334,
     0.7013372956909361
    ],
    "Type": [
     0.1450329410856049,
     0.23142509856147803
    ]
   },
   "axis": {
    "all": {
     "n": 578,
     "exact": 0.11245674740484429,
     "right_axis_wrong_type": 0.07785467128027682,
     "wrong_axis": 0.458477508650519,
     "missed": 0.35121107266435986
    },
    "functional": {
     "n": 171,
     "exact": 0.3333333333333333,
     "right_axis_wrong_type": 0.2573099415204678,
     "wrong_axis": 0.011695906432748537,
     "missed": 0.39766081871345027
    },
    "social": {
     "n": 332,
     "exact": 0.0030120481927710845,
     "right_axis_wrong_type": 0.0030120481927710845,
     "wrong_axis": 0.6355421686746988,
     "missed": 0.35843373493975905
    },
    "danger": {
     "n": 75,
     "exact": 0.09333333333333334,
     "right_axis_wrong_type": 0.0,
     "wrong_axis": 0.6933333333333334,
     "missed": 0.21333333333333335
    }
   }
  },
  "qwen3_vl_8b_thinking": {
   "metrics": {
    "mAcc7": 0.21461838127321414,
    "mAcc3": 0.7093425605536332,
    "Detect": 0.7093425605536332,
    "Type": 0.21461838127321414
   },
   "ci": {
    "mAcc7": [
     0.16337655743596338,
     0.26031011019321515
    ],
    "mAcc3": [
     0.6598639455782312,
     0.7551669316375199
    ],
    "Detect": [
     0.6598639455782312,
     0.7551669316375199
    ],
    "Type": [
     0.16337655743596338,
     0.26031011019321515
    ]
   },
   "axis": {
    "all": {
     "n": 578,
     "exact": 0.13667820069204153,
     "right_axis_wrong_type": 0.157439446366782,
     "wrong_axis": 0.41522491349480967,
     "missed": 0.2906574394463668
    },
    "functional": {
     "n": 171,
     "exact": 0.15789473684210525,
     "right_axis_wrong_type": 0.4093567251461988,
     "wrong_axis": 0.15789473684210525,
     "missed": 0.27485380116959063
    },
    "social": {
     "n": 332,
     "exact": 0.06325301204819277,
     "right_axis_wrong_type": 0.06325301204819277,
     "wrong_axis": 0.5240963855421686,
     "missed": 0.3493975903614458
    },
    "danger": {
     "n": 75,
     "exact": 0.41333333333333333,
     "right_axis_wrong_type": 0.0,
     "wrong_axis": 0.52,
     "missed": 0.06666666666666667
    }
   }
  }
 },
 "paired_difference": {
  "Type": {
   "diff": 0.024635187995903196,
   "ci": [
    -0.042682996205361645,
    0.09385814523040475
   ],
   "significant": false
  },
  "Detect": {
   "diff": 0.06055363321799312,
   "ci": [
    0.015957446808510634,
    0.11067961165048545
   ],
   "significant": true
  },
  "mAcc7": {
   "diff": 0.024635187995903196,
   "ci": [
    -0.042682996205361645,
    0.09385814523040475
   ],
   "significant": false
  },
  "mAcc3": {
   "diff": 0.06055363321799312,
   "ci": [
    0.015957446808510634,
    0.11067961165048545
   ],
   "significant": true
  }
 },
 "social_axis": {
  "qwen3_vl_8b_instruct": {
   "emitted_overall": 2,
   "n_social_gt": 332,
   "on_axis": 0.006024096385542169,
   "exact": 0.0030120481927710845
  },
  "qwen3_vl_8b_thinking": {
   "emitted_overall": 57,
   "n_social_gt": 332,
   "on_axis": 0.12650602409638553,
   "exact": 0.06325301204819277
  }
 }
}