{
 "n_instruct_total": 579,
 "n_thinking_total": 555,
 "n_paired": 555,
 "n_dropped_by_thinking": 24,
 "per_variant": {
  "qwen3_vl_8b_instruct": {
   "metrics": {
    "mAcc7": 0.19522403898672488,
    "mAcc3": 0.6522522522522523,
    "Detect": 0.6522522522522523,
    "Type": 0.19522403898672488
   },
   "ci": {
    "mAcc7": [
     0.14854075156770694,
     0.2352355620335108
    ],
    "mAcc3": [
     0.5970695970695971,
     0.7046728971962617
    ],
    "Detect": [
     0.5970695970695971,
     0.7046728971962617
    ],
    "Type": [
     0.14854075156770694,
     0.2352355620335108
    ]
   },
   "axis": {
    "all": {
     "n": 555,
     "exact": 0.11531531531531532,
     "right_axis_wrong_type": 0.07927927927927927,
     "wrong_axis": 0.45765765765765765,
     "missed": 0.34774774774774775
    },
    "functional": {
     "n": 167,
     "exact": 0.3413173652694611,
     "right_axis_wrong_type": 0.25748502994011974,
     "wrong_axis": 0.011976047904191617,
     "missed": 0.38922155688622756
    },
    "social": {
     "n": 321,
     "exact": 0.003115264797507788,
     "right_axis_wrong_type": 0.003115264797507788,
     "wrong_axis": 0.632398753894081,
     "missed": 0.3613707165109034
    },
    "danger": {
     "n": 67,
     "exact": 0.08955223880597014,
     "right_axis_wrong_type": 0.0,
     "wrong_axis": 0.7313432835820896,
     "missed": 0.1791044776119403
    }
   }
  },
  "qwen3_vl_8b_thinking": {
   "metrics": {
    "mAcc7": 0.21316579607653452,
    "mAcc3": 0.7063063063063063,
    "Detect": 0.7063063063063063,
    "Type": 0.21316579607653452
   },
   "ci": {
    "mAcc7": [
     0.15768687151107297,
     0.2646734897465465
    ],
    "mAcc3": [
     0.6544117647058824,
     0.7549909255898367
    ],
    "Detect": [
     0.6544117647058824,
     0.7549909255898367
    ],
    "Type": [
     0.15768687151107297,
     0.2646734897465465
    ]
   },
   "axis": {
    "all": {
     "n": 555,
     "exact": 0.13333333333333333,
     "right_axis_wrong_type": 0.16216216216216217,
     "wrong_axis": 0.41081081081081083,
     "missed": 0.2936936936936937
    },
    "functional": {
     "n": 167,
     "exact": 0.15568862275449102,
     "right_axis_wrong_type": 0.41317365269461076,
     "wrong_axis": 0.15568862275449102,
     "missed": 0.2754491017964072
    },
    "social": {
     "n": 321,
     "exact": 0.06542056074766354,
     "right_axis_wrong_type": 0.06542056074766354,
     "wrong_axis": 0.5202492211838006,
     "missed": 0.34890965732087226
    },
    "danger": {
     "n": 67,
     "exact": 0.40298507462686567,
     "right_axis_wrong_type": 0.0,
     "wrong_axis": 0.5223880597014925,
     "missed": 0.07462686567164178
    }
   }
  }
 },
 "paired_difference": {
  "Type": {
   "diff": 0.017941757089809635,
   "ci": [
    -0.05281701331969779,
    0.09152034067604972
   ],
   "significant": false
  },
  "Detect": {
   "diff": 0.05405405405405406,
   "ci": [
    0.00747663551401867,
    0.10363636363636353
   ],
   "significant": true
  },
  "mAcc7": {
   "diff": 0.017941757089809635,
   "ci": [
    -0.05281701331969779,
    0.09152034067604972
   ],
   "significant": false
  },
  "mAcc3": {
   "diff": 0.05405405405405406,
   "ci": [
    0.00747663551401867,
    0.10363636363636353
   ],
   "significant": true
  }
 },
 "social_axis": {
  "qwen3_vl_8b_instruct": {
   "emitted_overall": 2,
   "n_social_gt": 321,
   "on_axis": 0.006230529595015576,
   "exact": 0.003115264797507788
  },
  "qwen3_vl_8b_thinking": {
   "emitted_overall": 56,
   "n_social_gt": 321,
   "on_axis": 0.1308411214953271,
   "exact": 0.06542056074766354
  }
 }
}