{
 "claude_sonnet_5": {
  "n": 13512,
  "metrics": {
   "mAcc7": 0.28943026190608656,
   "mAcc3": 0.5037993934497648,
   "Detect": 0.7633851468048359,
   "Type": 0.2555997599596296
  },
  "confusion": [
   [
    721,
    16,
    106,
    14,
    19,
    59,
    84
   ],
   [
    1946,
    482,
    4491,
    606,
    217,
    800,
    3372
   ],
   [
    19,
    5,
    13,
    4,
    1,
    0,
    9
   ],
   [
    8,
    0,
    16,
    4,
    15,
    25,
    52
   ],
   [
    89,
    4,
    55,
    8,
    15,
    22,
    34
   ],
   [
    8,
    1,
    16,
    1,
    11,
    21,
    47
   ],
   [
    2,
    1,
    16,
    0,
    1,
    1,
    55
   ]
  ],
  "ci": {
   "mAcc7": [
    0.2564077582770228,
    0.3222418315888289
   ],
   "mAcc3": [
    0.46938505316178114,
    0.5320210013638649
   ],
   "Detect": [
    0.7101967799642218,
    0.8139130434782609
   ],
   "Type": [
    0.21332006619938598,
    0.30346165313357465
   ]
  },
  "axis": {
   "all": {
    "n": 579,
    "exact": 0.18652849740932642,
    "right_axis_wrong_type": 0.09153713298791019,
    "wrong_axis": 0.4853195164075993,
    "missed": 0.23661485319516407
   },
   "functional": {
    "n": 171,
    "exact": 0.09941520467836257,
    "right_axis_wrong_type": 0.11695906432748537,
    "wrong_axis": 0.5964912280701754,
    "missed": 0.1871345029239766
   },
   "social": {
    "n": 332,
    "exact": 0.10843373493975904,
    "right_axis_wrong_type": 0.09939759036144578,
    "wrong_axis": 0.48493975903614456,
    "missed": 0.3072289156626506
   },
   "danger": {
    "n": 76,
    "exact": 0.7236842105263158,
    "right_axis_wrong_type": 0.0,
    "wrong_axis": 0.23684210526315788,
    "missed": 0.039473684210526314
   }
  }
 },
 "gemini_3_5_flash": {
  "n": 13512,
  "metrics": {
   "mAcc7": 0.2771116307664295,
   "mAcc3": 0.5310569055141927,
   "Detect": 0.5509499136442142,
   "Type": 0.17951212249332843
  },
  "confusion": [
   [
    808,
    44,
    11,
    29,
    24,
    61,
    42
   ],
   [
    1962,
    2970,
    868,
    1800,
    1134,
    615,
    2565
   ],
   [
    35,
    4,
    2,
    4,
    0,
    0,
    6
   ],
   [
    28,
    3,
    0,
    9,
    39,
    12,
    29
   ],
   [
    116,
    18,
    0,
    21,
    46,
    10,
    16
   ],
   [
    24,
    6,
    1,
    9,
    40,
    14,
    11
   ],
   [
    18,
    8,
    1,
    3,
    7,
    5,
    34
   ]
  ],
  "ci": {
   "mAcc7": [
    0.2495922110180695,
    0.3004488286251857
   ],
   "mAcc3": [
    0.494619508540658,
    0.5614536600227819
   ],
   "Detect": [
    0.4951644100580271,
    0.6038961038961039
   ],
   "Type": [
    0.13976591563702928,
    0.21324221215088088
   ]
  },
  "axis": {
   "all": {
    "n": 579,
    "exact": 0.18134715025906736,
    "right_axis_wrong_type": 0.09326424870466321,
    "wrong_axis": 0.2763385146804836,
    "missed": 0.44905008635578586
   },
   "functional": {
    "n": 171,
    "exact": 0.06432748538011696,
    "right_axis_wrong_type": 0.023391812865497075,
    "wrong_axis": 0.5029239766081871,
    "missed": 0.4093567251461988
   },
   "social": {
    "n": 332,
    "exact": 0.18072289156626506,
    "right_axis_wrong_type": 0.15060240963855423,
    "wrong_axis": 0.1746987951807229,
    "missed": 0.4939759036144578
   },
   "danger": {
    "n": 76,
    "exact": 0.4473684210526316,
    "right_axis_wrong_type": 0.0,
    "wrong_axis": 0.21052631578947367,
    "missed": 0.34210526315789475
   }
  }
 },
 "gpt_5_5": {
  "n": 13512,
  "metrics": {
   "mAcc7": 0.25072065478307515,
   "mAcc3": 0.48003567286670196,
   "Detect": 0.23316062176165803,
   "Type": 0.10961963732861565
  },
  "confusion": [
   [
    803,
    133,
    47,
    6,
    0,
    2,
    28
   ],
   [
    2627,
    4991,
    2502,
    71,
    1,
    169,
    1553
   ],
   [
    31,
    14,
    6,
    0,
    0,
    0,
    0
   ],
   [
    49,
    33,
    7,
    2,
    0,
    0,
    29
   ],
   [
    127,
    69,
    16,
    1,
    0,
    1,
    13
   ],
   [
    40,
    46,
    5,
    1,
    0,
    2,
    11
   ],
   [
    18,
    17,
    10,
    1,
    0,
    0,
    30
   ]
  ],
  "ci": {
   "mAcc7": [
    0.21514968302568205,
    0.28062799716912884
   ],
   "mAcc3": [
    0.45628224965947645,
    0.5036129608894994
   ],
   "Detect": [
    0.17300380228136883,
    0.29635499207606975
   ],
   "Type": [
    0.05890835330997603,
    0.15342923912115902
   ]
  },
  "axis": {
   "all": {
    "n": 579,
    "exact": 0.0690846286701209,
    "right_axis_wrong_type": 0.013816925734024179,
    "wrong_axis": 0.15025906735751296,
    "missed": 0.7668393782383419
   },
   "functional": {
    "n": 171,
    "exact": 0.04678362573099415,
    "right_axis_wrong_type": 0.04093567251461988,
    "wrong_axis": 0.1695906432748538,
    "missed": 0.7426900584795322
   },
   "social": {
    "n": 332,
    "exact": 0.006024096385542169,
    "right_axis_wrong_type": 0.0030120481927710845,
    "wrong_axis": 0.14156626506024098,
    "missed": 0.8493975903614458
   },
   "danger": {
    "n": 76,
    "exact": 0.39473684210526316,
    "right_axis_wrong_type": 0.0,
    "wrong_axis": 0.14473684210526316,
    "missed": 0.4605263157894737
   }
  }
 },
 "llama_4_maverick": {
  "n": 13512,
  "metrics": {
   "mAcc7": 0.24005928315756817,
   "mAcc3": 0.4708541911348421,
   "Detect": 0.37132987910189985,
   "Type": 0.12783645756007017
  },
  "confusion": [
   [
    645,
    187,
    126,
    20,
    23,
    4,
    14
   ],
   [
    1934,
    4864,
    3777,
    530,
    362,
    173,
    274
   ],
   [
    18,
    9,
    19,
    1,
    2,
    0,
    2
   ],
   [
    12,
    62,
    18,
    11,
    9,
    7,
    1
   ],
   [
    81,
    68,
    53,
    5,
    8,
    3,
    9
   ],
   [
    15,
    54,
    22,
    4,
    5,
    5,
    0
   ],
   [
    2,
    43,
    12,
    10,
    1,
    1,
    7
   ]
  ],
  "ci": {
   "mAcc7": [
    0.21083794345114712,
    0.26664382161830336
   ],
   "mAcc3": [
    0.4475637872706444,
    0.4954868832180695
   ],
   "Detect": [
    0.31307550644567217,
    0.42833052276559863
   ],
   "Type": [
    0.08582705173614265,
    0.16786655470282455
   ]
  },
  "axis": {
   "all": {
    "n": 579,
    "exact": 0.08635578583765112,
    "right_axis_wrong_type": 0.046632124352331605,
    "wrong_axis": 0.23834196891191708,
    "missed": 0.6286701208981001
   },
   "functional": {
    "n": 171,
    "exact": 0.17543859649122806,
    "right_axis_wrong_type": 0.1111111111111111,
    "wrong_axis": 0.12280701754385964,
    "missed": 0.5906432748538012
   },
   "social": {
    "n": 332,
    "exact": 0.0391566265060241,
    "right_axis_wrong_type": 0.024096385542168676,
    "wrong_axis": 0.28012048192771083,
    "missed": 0.6566265060240963
   },
   "danger": {
    "n": 76,
    "exact": 0.09210526315789473,
    "right_axis_wrong_type": 0.0,
    "wrong_axis": 0.3157894736842105,
    "missed": 0.5921052631578947
   }
  }
 },
 "o4_mini": {
  "n": 579,
  "metrics": {
   "mAcc7": 0.22932234707005916,
   "mAcc3": 0.7012089810017271,
   "Detect": 0.7012089810017271,
   "Type": 0.22932234707005916
  },
  "confusion": [
   [
    0,
    0,
    0,
    0,
    0,
    0,
    0
   ],
   [
    0,
    0,
    0,
    0,
    0,
    0,
    0
   ],
   [
    22,
    0,
    21,
    0,
    1,
    1,
    6
   ],
   [
    24,
    0,
    22,
    2,
    0,
    7,
    65
   ],
   [
    91,
    0,
    81,
    2,
    7,
    8,
    38
   ],
   [
    26,
    0,
    24,
    2,
    0,
    10,
    43
   ],
   [
    10,
    0,
    20,
    1,
    0,
    0,
    45
   ]
  ],
  "ci": {
   "mAcc7": [
    0.18903361575042052,
    0.2693578935002874
   ],
   "mAcc3": [
    0.6539162112932605,
    0.7481804949053857
   ],
   "Detect": [
    0.6539162112932605,
    0.7481804949053857
   ],
   "Type": [
    0.18903361575042052,
    0.2693578935002874
   ]
  },
  "axis": {
   "all": {
    "n": 579,
    "exact": 0.14680483592400692,
    "right_axis_wrong_type": 0.05181347150259067,
    "wrong_axis": 0.5025906735751295,
    "missed": 0.2987910189982729
   },
   "functional": {
    "n": 171,