{
 "n_joined": 13512,
 "single": {
  "gpt_5_5": {
   "mAcc7": 0.25072065478307515,
   "mAcc3": 0.48003567286670196,
   "Detect": 0.23316062176165803,
   "Type": 0.10961963732861565,
   "n": 13512
  },
  "claude_sonnet_5": {
   "mAcc7": 0.28943026190608656,
   "mAcc3": 0.5037993934497648,
   "Detect": 0.7633851468048359,
   "Type": 0.2555997599596296,
   "n": 13512
  },
  "gemini_3_5_flash": {
   "mAcc7": 0.2771116307664295,
   "mAcc3": 0.5310569055141927,
   "Detect": 0.5509499136442142,
   "Type": 0.17951212249332843,
   "n": 13512
  },
  "llama_4_maverick": {
   "mAcc7": 0.24005928315756817,
   "mAcc3": 0.4708541911348421,
   "Detect": 0.37132987910189985,
   "Type": 0.12783645756007017,
   "n": 13512
  }
 },
 "ensemble": {
  "plurality_drop_ties": {
   "mAcc7": 0.2793353546573702,
   "mAcc3": 0.5246994381549022,
   "Detect": 0.4314606741573034,
   "Type": 0.16254196845883764,
   "n": 10650
  },
  "plurality_severity_ties": {
   "mAcc7": 0.2790601578336206,
   "mAcc3": 0.5163278776812446,
   "Detect": 0.5544041450777202,
   "Type": 0.19176832337386612,
   "n": 13512
  }
 },
 "n_tied": 2862,
 "model_model": {
  "mean_raw_agreement": 0.3585084862837971,
  "mean_cohen_kappa": 0.21354478525929785
 },
 "model_gt": {
  "raw_agreement": {
   "gpt_5_5": 0.4317643576080521,
   "claude_sonnet_5": 0.09702486678507993,
   "gemini_3_5_flash": 0.2873741859088218,
   "llama_4_maverick": 0.4114120781527531
  },
  "cohen_kappa": {
   "gpt_5_5": 0.10054292214039408,
   "claude_sonnet_5": 0.046549060094143245,
   "gemini_3_5_flash": 0.08574456663924081,
   "llama_4_maverick": 0.07691209495672574
  },
  "mean_raw_agreement": 0.30689387211367675,
  "mean_cohen_kappa": 0.07743716095762597
 }
}