{
 "claude_sonnet_5": {
  "n_all": 579,
  "n_detected": 442,
  "cos": {
   "all": 0.40514063492854846,
   "detected": 0.5307158996009719,
   "exact": 0.5504938154308884,
   "right_axis": 0.5401562044643006,
   "wrong_axis": 0.5213338673326893
  },
  "nli": {
   "all": 0.14341277241944528,
   "detected": 0.18786424260375298,
   "exact": 0.17364954543596992,
   "right_axis": 0.16548651291422398,
   "wrong_axis": 0.19754825316484056
  },
  "bsf1": {
   "all": 0.6700586493357064,
   "detected": 0.8777465112338778,
   "exact": 0.8776022212372886,
   "right_axis": 0.8746242466962563,
   "wrong_axis": 0.8783908647574564
  }
 },
 "gemini_3_5_flash": {
  "n_all": 579,
  "n_detected": 319,
  "cos": {
   "all": 0.28104010350448894,
   "detected": 0.5101010029125363,
   "exact": 0.5288633342300143,
   "right_axis": 0.49348394186408434,
   "wrong_axis": 0.5033964810892939
  },
  "nli": {
   "all": 0.08476841449600889,
   "detected": 0.1538586582858594,
   "exact": 0.13782688943792892,
   "right_axis": 0.1345492720727769,
   "wrong_axis": 0.17089642443922912
  },
  "bsf1": {
   "all": 0.4790522295576303,
   "detected": 0.8695023226140061,
   "exact": 0.8697724910009474,
   "right_axis": 0.8680454017939391,
   "wrong_axis": 0.8698167353868484
  }
 },
 "gpt_5_5": {
  "n_all": 579,
  "n_detected": 135,
  "cos": {
   "all": 0.12969362740895496,
   "detected": 0.5562415575539624,
   "exact": 0.5853023909032344,
   "right_axis": 0.5268836319446564,
   "wrong_axis": 0.5455798342310149
  },
  "nli": {
   "all": 0.05232931629522614,
   "detected": 0.22443462322174768,
   "exact": 0.183930842484142,
   "right_axis": 0.25356366092273674,
   "wrong_axis": 0.24037851894469384
  },
  "bsf1": {
   "all": 0.20586094996266208,
   "detected": 0.882914740950973,
   "exact": 0.8799547269940377,
   "right_axis": 0.8851087242364883,
   "wrong_axis": 0.8840739213187119
  }
 },
 "llama_4_maverick": {
  "n_all": 579,
  "n_detected": 205,
  "cos": {
   "all": 0.15989308732212723,
   "detected": 0.45160047590005686,
   "exact": 0.47502213290759493,
   "right_axis": 0.48648912516924053,
   "wrong_axis": 0.43579458302030194
  },
  "nli": {
   "all": 0.029779788782115606,
   "detected": 0.08410974490168262,
   "exact": 0.1409099198919871,
   "right_axis": 0.06215746650111843,
   "wrong_axis": 0.0670909038546807
  },
  "bsf1": {
   "all": 0.3076626026362747,
   "detected": 0.8689592532995271,
   "exact": 0.8698899186387354,
   "right_axis": 0.8705560885942899,
   "wrong_axis": 0.8682890969973344
  }
 },
 "o4_mini": {
  "n_all": 579,
  "n_detected": 406,
  "cos": {
   "all": 0.3928483472895746,
   "detected": 0.5602443179326692,
   "exact": 0.5567045302952037,
   "right_axis": 0.478738201657931,
   "wrong_axis": 0.5696809689203898
  },
  "nli": {
   "all": 0.12921558069599945,
   "detected": 0.18427542173148692,
   "exact": 0.17008564528047881,
   "right_axis": 0.15117701679807094,
   "wrong_axis": 0.19183240848866276
  },
  "bsf1": {
   "all": 0.6207706527800552,
   "detected": 0.8852862265016058,
   "exact": 0.8852065212586346,
   "right_axis": 0.8758536438147227,
   "wrong_axis": 0.8862819393066197
  }
 },
 "qwen3_vl_8b_instruct": {
  "n_all": 579,
  "n_detected": 376,
  "cos": {
   "all": 0.3244008699332288,
   "detected": 0.49954282896632846,
   "exact": 0.48281304423625654,
   "right_axis": 0.5157197184032865,
   "wrong_axis": 0.5008942424354696
  },
  "nli": {
   "all": 0.07841772213013756,
   "detected": 0.12075494976954694,
   "exact": 0.17118902659010649,
   "right_axis": 0.10144925407087915,
   "wrong_axis": 0.11169683440527506
  },
  "bsf1": {
   "all": 0.5665820568336724,
   "detected": 0.8724760928369583,
   "exact": 0.8721613297095665,
   "right_axis": 0.8756440851423476,
   "wrong_axis": 0.8720170700908604
  }
 },
 "qwen3_vl_8b_thinking": {
  "n_all": 578,
  "n_detected": 410,
  "cos": {
   "all": 0.3355187220711609,
   "detected": 0.4729995642856854,
   "exact": 0.43652618836752977,
   "right_axis": 0.5048762769489498,
   "wrong_axis": 0.47291879697392386
  },
  "nli": {
   "all": 0.09334849731873267,
   "detected": 0.13159861329323774,
   "exact": 0.13217204910419056,
   "right_axis": 0.13847134210998893,
   "wrong_axis": 0.12880394766244763
  },
  "bsf1": {
   "all": 0.6205699178793026,
   "detected": 0.8748522256932607,
   "exact": 0.8739236042469363,
   "right_axis": 0.8759531666944315,
   "wrong_axis": 0.874740456789732
  }
 }
}