{
 "claude_sonnet_5": {
  "n_all": 579,
  "n_detected": 442,
  "cos": {
   "all": 0.4051406399985463,
   "detected": 0.5307159062424397,
   "exact": 0.5504938179144153,
   "right_axis": 0.5401562106496883,
   "wrong_axis": 0.5213338756582491
  },
  "nli": {
   "all": 0.14341277241944528,
   "detected": 0.18786424260375298,
   "exact": 0.17364954543596992,
   "right_axis": 0.16548651291422398,
   "wrong_axis": 0.19754825316484056
  },
  "bsf1": {
   "all": 0.670058648100377,
   "detected": 0.8777465096156521,
   "exact": 0.8776022096474966,
   "right_axis": 0.8746242376993287,
   "wrong_axis": 0.8783908683634314
  }
 },
 "gemini_3_5_flash": {
  "n_all": 579,
  "n_detected": 319,
  "cos": {
   "all": 0.2810401082656544,
   "detected": 0.5101010115542756,
   "exact": 0.528863346292859,
   "right_axis": 0.49348395621335067,
   "wrong_axis": 0.5033964855596423
  },
  "nli": {
   "all": 0.08476841449600889,
   "detected": 0.1538586582858594,
   "exact": 0.13782688943792892,
   "right_axis": 0.1345492720727769,
   "wrong_axis": 0.17089642443922912
  },
  "bsf1": {
   "all": 0.4790522323371215,
   "detected": 0.8695023276589133,
   "exact": 0.869772496109917,
   "right_axis": 0.868045406209098,
   "wrong_axis": 0.8698167406022549
  }
 },
 "gpt_5_5": {
  "n_all": 579,
  "n_detected": 135,
  "cos": {
   "all": 0.12969362879870058,
   "detected": 0.5562415635144269,
   "exact": 0.5853023953735829,
   "right_axis": 0.5268836207687855,
   "wrong_axis": 0.5455798424523453
  },
  "nli": {
   "all": 0.05232931629522614,
   "detected": 0.22443462322174768,
   "exact": 0.183930842484142,
   "right_axis": 0.25356366092273674,
   "wrong_axis": 0.24037851894469384
  },
  "bsf1": {
   "all": 0.20586095160976797,
   "detected": 0.8829147480152272,
   "exact": 0.8799547255039215,
   "right_axis": 0.8851087391376495,
   "wrong_axis": 0.8840739315953748
  }
 },
 "llama_4_maverick": {
  "n_all": 579,
  "n_detected": 205,
  "cos": {
   "all": 0.15989309002441035,
   "detected": 0.451600483532359,
   "exact": 0.47502213686096423,
   "right_axis": 0.48648914924034703,
   "wrong_axis": 0.43579458875151783
  },
  "nli": {
   "all": 0.029779788782115606,
   "detected": 0.08410974490168262,
   "exact": 0.1409099198919871,
   "right_axis": 0.06215746650111843,
   "wrong_axis": 0.0670909038546807
  },
  "bsf1": {
   "all": 0.3076626032539394,
   "detected": 0.8689592550440532,
   "exact": 0.8698899149894714,
   "right_axis": 0.870556095471749,
   "wrong_axis": 0.868289099748318
  }
 },
 "o4_mini": {
  "n_all": 579,
  "n_detected": 406,
  "cos": {
   "all": 0.3928483488594724,
   "detected": 0.5602443201715136,
   "exact": 0.5567045260878171,
   "right_axis": 0.4787382115920385,
   "wrong_axis": 0.5696809722488279
  },
  "nli": {
   "all": 0.12921558069599945,
   "detected": 0.18427542173148692,
   "exact": 0.17008564528047881,
   "right_axis": 0.15117701679807094,
   "wrong_axis": 0.19183240848866276
  },
  "bsf1": {
   "all": 0.6207706471181287,
   "detected": 0.885286218427085,
   "exact": 0.8852065121426301,
   "right_axis": 0.8758536477883657,
   "wrong_axis": 0.8862819302942335
  }
 }
}