{
 "claude_sonnet_5": {
  "n_all": 579,
  "n_detected": 442,
  "cos": {
   "all": 0.3869276888321101,
   "detected": 0.5068577643298455,
   "exact": 0.5203995790194582,
   "right_axis": 0.531217986401522,
   "wrong_axis": 0.4970584484712085
  },
  "nli": {
   "all": 0.2581084806739857,
   "detected": 0.33811043056614865,
   "exact": 0.3177111659322741,
   "right_axis": 0.39149632962687736,
   "wrong_axis": 0.33588149081611246
  },
  "bsf1": {
   "all": 0.6643814179975546,
   "detected": 0.8703095950691948,
   "exact": 0.8711797848895744,
   "right_axis": 0.8747907629552877,
   "wrong_axis": 0.8691299424052663
  }
 },
 "gemini_3_5_flash": {
  "n_all": 579,
  "n_detected": 319,
  "cos": {
   "all": 0.22778956867458494,
   "detected": 0.41344877825261656,
   "exact": 0.38925880449158806,
   "right_axis": 0.42270611557695603,
   "wrong_axis": 0.426199097186327
  },
  "nli": {
   "all": 0.1119808883411393,
   "detected": 0.20325057789818074,
   "exact": 0.18666046984361032,
   "right_axis": 0.22232932172455885,
   "wrong_axis": 0.20769876026758993
  },
  "bsf1": {
   "all": 0.47961200889528105,
   "detected": 0.8705183484337546,
   "exact": 0.8693226808593386,
   "right_axis": 0.8706741763485802,
   "wrong_axis": 0.8712504133582115
  }
 },
 "gpt_5_5": {
  "n_all": 579,
  "n_detected": 135,
  "cos": {
   "all": 0.10915425800700673,
   "detected": 0.46815048434116224,
   "exact": 0.46303913854062556,
   "right_axis": 0.5173606965690851,
   "wrong_axis": 0.4659754514009103
  },
  "nli": {
   "all": 0.07109851251972221,
   "detected": 0.30493362036236416,
   "exact": 0.21501701784973193,
   "right_axis": 0.5893535676423198,
   "wrong_axis": 0.3201210286642681
  },
  "bsf1": {
   "all": 0.2034747578937155,
   "detected": 0.8726806282997132,
   "exact": 0.8709453895688057,
   "right_axis": 0.8779303282499313,
   "wrong_axis": 0.87299570818057
  }
 },
 "llama_4_maverick": {
  "n_all": 579,
  "n_detected": 215,
  "cos": {
   "all": 0.15772020134798193,
   "detected": 0.42474417014177457,
   "exact": 0.4103040924668312,
   "right_axis": 0.4719742795935384,
   "wrong_axis": 0.4207354087544524
  },
  "nli": {
   "all": 0.06386393606085292,
   "detected": 0.17198706501969227,
   "exact": 0.14455746019491925,
   "right_axis": 0.30166071504276326,
   "wrong_axis": 0.15655439611111063
  },
  "bsf1": {
   "all": 0.32677897898438474,
   "detected": 0.8800233899160873,
   "exact": 0.8785422456264496,
   "right_axis": 0.8845490857406899,
   "wrong_axis": 0.8796745741712875
  }
 },
 "o4_mini": {
  "n_all": 579,
  "n_detected": 406,
  "cos": {
   "all": 0.3192885148375969,
   "detected": 0.4553400248546025,
   "exact": 0.4629171895630219,
   "right_axis": 0.48479535182317096,
   "wrong_axis": 0.45009013203923237
  },
  "nli": {
   "all": 0.14960520779933084,
   "detected": 0.2133532396941196,
   "exact": 0.20799604258895937,
   "right_axis": 0.24660480978239624,
   "wrong_axis": 0.21149005980164648
  },
  "bsf1": {
   "all": 0.6187180096415452,
   "detected": 0.8823589349321543,
   "exact": 0.881451385862687,
   "right_axis": 0.8820443669954936,
   "wrong_axis": 0.8826564562689397
  }
 }
}