{
 "claude_sonnet_5": {
  "n_all": 579,
  "n_detected": 442,
  "cos": {
   "all": 0.386927687030588,
   "detected": 0.5068577619699332,
   "exact": 0.5203995812270377,
   "right_axis": 0.5312179774045944,
   "wrong_axis": 0.4970584456076401
  },
  "nli": {
   "all": 0.2581084806739857,
   "detected": 0.33811043056614865,
   "exact": 0.3177111659322741,
   "right_axis": 0.39149632962687736,
   "wrong_axis": 0.33588149081611246
  },
  "bsf1": {
   "all": 0.6643814172769458,
   "detected": 0.8703095941252299,
   "exact": 0.8711797793706259,
   "right_axis": 0.8747907494598964,
   "wrong_axis": 0.8691299455870088
  }
 },
 "gemini_3_5_flash": {
  "n_all": 579,
  "n_detected": 319,
  "cos": {
   "all": 0.22778956944666584,
   "detected": 0.4134487796539797,
   "exact": 0.38925880094369253,
   "right_axis": 0.4227061277186429,
   "wrong_axis": 0.42619909821078183
  },
  "nli": {
   "all": 0.1119808883411393,
   "detected": 0.20325057789818074,
   "exact": 0.18666046984361032,
   "right_axis": 0.22232932172455885,
   "wrong_axis": 0.20769876026758993
  },
  "bsf1": {
   "all": 0.47961201043944285,
   "detected": 0.8705183512364809,
   "exact": 0.8693226848329817,
   "right_axis": 0.8706741763485802,
   "wrong_axis": 0.8712504163384438
  }
 },
 "gpt_5_5": {
  "n_all": 579,
  "n_detected": 135,
  "cos": {
   "all": 0.10915425955116852,
   "detected": 0.46815049096390055,
   "exact": 0.4630391400307417,
   "right_axis": 0.5173607394099236,
   "wrong_axis": 0.4659754570530749
  },
  "nli": {
   "all": 0.07109851251972221,
   "detected": 0.30493362036236416,
   "exact": 0.21501701784973193,
   "right_axis": 0.5893535676423198,
   "wrong_axis": 0.3201210286642681
  },
  "bsf1": {
   "all": 0.20347475799665962,
   "detected": 0.872680628741229,
   "exact": 0.8709453791379929,
   "right_axis": 0.8779303506016731,
   "wrong_axis": 0.8729957116061243
  }
 },
 "llama_4_maverick": {
  "n_all": 579,
  "n_detected": 215,
  "cos": {
   "all": 0.15772020292431374,
   "detected": 0.4247441743868728,
   "exact": 0.4103041058778763,
   "right_axis": 0.4719742939428047,
   "wrong_axis": 0.42073540770165296
  },
  "nli": {
   "all": 0.06386393606085292,
   "detected": 0.17198706501969227,
   "exact": 0.14455746019491925,
   "right_axis": 0.30166071504276326,
   "wrong_axis": 0.15655439611111063
  },
  "bsf1": {
   "all": 0.3267789802197142,
   "detected": 0.8800233932428582,
   "exact": 0.8785422539710999,
   "right_axis": 0.8845490945710076,
   "wrong_axis": 0.8796745746032052
  }
 },
 "o4_mini": {
  "n_all": 579,
  "n_detected": 406,
  "cos": {
   "all": 0.3192885168450072,
   "detected": 0.45534002771738713,
   "exact": 0.46291718868648307,
   "right_axis": 0.4847953791419665,
   "wrong_axis": 0.45009013347302107
  },
  "nli": {
   "all": 0.14960520779933084,
   "detected": 0.2133532396941196,
   "exact": 0.20799604258895937,
   "right_axis": 0.24660480978239624,
   "wrong_axis": 0.21149005980164648
  },
  "bsf1": {
   "all": 0.6187180067591099,
   "detected": 0.8823589308214892,
   "exact": 0.8814513886676115,
   "right_axis": 0.882044376929601,
   "wrong_axis": 0.8826564486903423
  }
 },
 "qwen3_vl_8b_instruct": {
  "n_all": 579,
  "n_detected": 376,
  "cos": {
   "all": 0.3130742263737326,
   "detected": 0.48210100284678503,
   "exact": 0.4999823448749689,
   "right_axis": 0.4534435712628894,
   "wrong_axis": 0.48257956370935406
  },
  "nli": {
   "all": 0.12654721336322747,
   "detected": 0.19486924610986356,
   "exact": 0.28223847394776663,
   "right_axis": 0.18350463727110763,
   "wrong_axis": 0.17544220696806023
  },
  "bsf1": {
   "all": 0.572472718610253,
   "detected": 0.8815470853067459,
   "exact": 0.8774885223462031,
   "right_axis": 0.8819781952434116,
   "wrong_axis": 0.8824659072815028
  }
 },
 "qwen3_vl_8b_thinking": {
  "n_all": 578,
  "n_detected": 410,
  "cos": {
   "all": 0.34322312533546073,
   "detected": 0.4838608937656007,
   "exact": 0.47281025878236266,
   "right_axis": 0.5064003649321231,
   "wrong_axis": 0.47895217829694353
  },
  "nli": {
   "all": 0.17379521340876045,
   "detected": 0.24500886182991108,
   "exact": 0.2329935870150166,
   "right_axis": 0.32175132962216235,
   "wrong_axis": 0.2198657040852519
  },
  "bsf1": {
   "all": 0.6246785155423372,
   "detected": 0.8806443463011486,
   "exact": 0.8757745940474015,
   "right_axis": 0.8846728716577802,
   "wrong_axis": 0.8807198238869508
  }
 }
}