{
  "models": {
    "claude_sonnet_5": {
      "n": 13512,
      "mAcc_7": 0.28943026190608656,
      "mAcc_3": 0.5037993934497648
    },
    "gemini_3_5_flash": {
      "n": 13126,
      "mAcc_7": 0.2764531480339612,
      "mAcc_3": 0.5306322467266164
    },
    "gpt_5_5": {
      "n": 13512,
      "mAcc_7": 0.25072065478307515,
      "mAcc_3": 0.48003567286670196
    },
    "llama_4_maverick": {
      "n": 13504,
      "mAcc_7": 0.24007447445999605,
      "mAcc_3": 0.47088963750717383
    }
  }
}