{
  "n_images": 50,
  "actions": [
    "sit",
    "run",
    "grasp"
  ],
  "gt_exceptions_only": false,
  "models": {
    "gpt_5_5": {
      "n": 3414,
      "n_exc_text": 108,
      "mAcc_7": 0.11849554529397167,
      "mAcc_3": 0.42926738346371174,
      "ok": 1752,
      "err": 1662,
      "explanation": {
        "BLEU-4": 0.0023643459708232316,
        "METEOR": 0.024592191941835883,
        "ROUGE-L": 0.01921039174246295,
        "CIDEr": 0.0
      },
      "consequence": {
        "BLEU-4": 0.004398085615490527,
        "METEOR": 0.02210633597080636,
        "ROUGE-L": 0.018367683387463227,
        "CIDEr": 0.0
      }
    },
    "claude_sonnet_5": {
      "n": 3414,
      "n_exc_text": 108,
      "mAcc_7": 0.32288700032049594,
      "mAcc_3": 0.515354567699391,
      "ok": 3413,
      "err": 1,
      "explanation": {
        "BLEU-4": 0.013771529678827207,
        "METEOR": 0.14357708158602267,
        "ROUGE-L": 0.09550121747913215,
        "CIDEr": 0.0
      },
      "consequence": {
        "BLEU-4": 0.019060120893534222,
        "METEOR": 0.14429218990646778,
        "ROUGE-L": 0.08362187477916816,
        "CIDEr": 0.0
      }
    },
    "gemini_3_5_flash": {
      "n": 3414,
      "n_exc_text": 108,
      "mAcc_7": 0.25340322233447005,
      "mAcc_3": 0.5551108426170872,
      "ok": 3289,
      "err": 125,
      "explanation": {
        "BLEU-4": 0.011079993241227383,
        "METEOR": 0.11436440621887842,
        "ROUGE-L": 0.07638752454966806,
        "CIDEr": 0.0
      },
      "consequence": {
        "BLEU-4": 0.010277609188245659,
        "METEOR": 0.09383745857774076,
        "ROUGE-L": 0.0609185441610151,
        "CIDEr": 0.0
      }
    },
    "llama_4_maverick": {
      "n": 3414,
      "n_exc_text": 108,
      "mAcc_7": 0.17879610346358193,
      "mAcc_3": 0.4480551056125554,
      "ok": 3408,
      "err": 6,
      "explanation": {
        "BLEU-4": 0.0090446237484312,
        "METEOR": 0.041501736670887544,
        "ROUGE-L": 0.04037212383278392,
        "CIDEr": 0.0
      },
      "consequence": {
        "BLEU-4": 0.006229777597879081,
        "METEOR": 0.025467271715941306,
        "ROUGE-L": 0.02305779604971212,
        "CIDEr": 0.0
      }
    }
  }
}