{
  "n_images": 200,
  "actions": [
    "sit",
    "run",
    "grasp"
  ],
  "gt_exceptions_only": true,
  "models": {
    "gpt_5_5": {
      "n": 579,
      "n_exc_text": 579,
      "mAcc_7": 0.10961963732861565,
      "mAcc_3": 0.23316062176165803,
      "ok": 0,
      "err": 0,
      "explanation": {
        "BLEU-4": 0.005458079714995201,
        "METEOR": 0.050824999623011166,
        "ROUGE-L": 0.03606466205917522,
        "CIDEr": 0.0
      },
      "consequence": {
        "BLEU-4": 0.006242337391590335,
        "METEOR": 0.03875115443193868,
        "ROUGE-L": 0.031212514797956697,
        "CIDEr": 0.0
      }
    },
    "claude_sonnet_5": {
      "n": 579,
      "n_exc_text": 579,
      "mAcc_7": 0.2555997599596296,
      "mAcc_3": 0.7633851468048359,
      "ok": 0,
      "err": 0,
      "explanation": {
        "BLEU-4": 0.014507885308809074,
        "METEOR": 0.16847765356857267,
        "ROUGE-L": 0.10202687423160367,
        "CIDEr": 0.0
      },
      "consequence": {
        "BLEU-4": 0.01773937149314246,
        "METEOR": 0.13739209936664015,
        "ROUGE-L": 0.08275205909852504,
        "CIDEr": 0.0
      }
    },
    "gemini_3_5_flash": {
      "n": 579,
      "n_exc_text": 579,
      "mAcc_7": 0.17951212249332843,
      "mAcc_3": 0.5509499136442142,
      "ok": 6,
      "err": 10,
      "explanation": {
        "BLEU-4": 0.013774851591249002,
        "METEOR": 0.12618670426962203,
        "ROUGE-L": 0.08118533525774996,
        "CIDEr": 0.0
      },
      "consequence": {
        "BLEU-4": 0.01039206998234452,
        "METEOR": 0.09789510807802115,
        "ROUGE-L": 0.06171154191599062,
        "CIDEr": 0.0
      }
    },
    "llama_4_maverick": {
      "n": 579,
      "n_exc_text": 579,
      "mAcc_7": 0.12783645756007017,
      "mAcc_3": 0.37132987910189985,
      "ok": 0,
      "err": 0,
      "explanation": {
        "BLEU-4": 0.013451128543071511,
        "METEOR": 0.07996554006978565,
        "ROUGE-L": 0.07016361161244182,
        "CIDEr": 0.0
      },
      "consequence": {
        "BLEU-4": 0.009059913274842953,
        "METEOR": 0.04023082390901294,
        "ROUGE-L": 0.03432189470213914,
        "CIDEr": 0.0
      }
    },
    "o4_mini": {
      "n": 579,
      "n_exc_text": 579,
      "mAcc_7": 0.22932234707005916,
      "mAcc_3": 0.7012089810017271,
      "ok": 579,
      "err": 0,
      "explanation": {
        "BLEU-4": 0.017197124770131605,
        "METEOR": 0.13703360417852872,
        "ROUGE-L": 0.11092484008718212,
        "CIDEr": 0.0
      },
      "consequence": {
        "BLEU-4": 0.02091393277410595,
        "METEOR": 0.1388381210428398,
        "ROUGE-L": 0.10399565531497981,
        "CIDEr": 0.0
      }
    }
  }
}